"item_name","category","subcategory","item_type","brand","compatible_models","sku","selling_price","minimum_selling_price","cost_price","quantity","minimum_stock","supplier","shelf_location","notes","image_url"
"iPhone 6 Back Glass","Phone Parts","Back Glass","part","Apple","iPhone 6","","","","","","5","","","iPhone model reference image; fill actual price and opening stock before import.","https://commons.wikimedia.org/wiki/Special:FilePath/iPhone_6_(back).jpg"
"iPhone 6 Charging Flex","Phone Parts","Charging Port","part","Apple","iPhone 6","","","","","","5","","","iPhone model reference image; fill actual price and opening stock before import.","https://commons.wikimedia.org/wiki/Special:FilePath/iPhone_6_(back).jpg"
"iPhone 6 Screen Guard","Gadgets & Accessories","Screen Protector","accessory","Apple","iPhone 6","","","","","","5","","","iPhone model reference image; fill actual price and opening stock before import.","https://commons.wikimedia.org/wiki/Special:FilePath/iPhone_6_(back).jpg"
"iPhone 6 Plus Back Glass","Phone Parts","Back Glass","part","Apple","iPhone 6 Plus","","","","","","5","","","iPhone model reference image; fill actual price and opening stock before import.","https://commons.wikimedia.org/wiki/Special:FilePath/iPhone_6_(back).jpg"
"iPhone 6 Plus Charging Flex","Phone Parts","Charging Port","part","Apple","iPhone 6 Plus","","","","","","5","","","iPhone model reference image; fill actual price and opening stock before import.","https://commons.wikimedia.org/wiki/Special:FilePath/iPhone_6_(back).jpg"
"iPhone 6 Plus Screen Guard","Gadgets & Accessories","Screen Protector","accessory","Apple","iPhone 6 Plus","","","","","","5","","","iPhone model reference image; fill actual price and opening stock before import.","https://commons.wikimedia.org/wiki/Special:FilePath/iPhone_6_(back).jpg"
"iPhone 6s Back Glass","Phone Parts","Back Glass","part","Apple","iPhone 6s","","","","","","5","","","iPhone model reference image; fill actual price and opening stock before import.","https://commons.wikimedia.org/wiki/Special:FilePath/IPhone_6s_(Oct_1%2C_2025).jpg"
"iPhone 6s Charging Flex","Phone Parts","Charging Port","part","Apple","iPhone 6s","","","","","","5","","","iPhone model reference image; fill actual price and opening stock before import.","https://commons.wikimedia.org/wiki/Special:FilePath/IPhone_6s_(Oct_1%2C_2025).jpg"
"iPhone 6s Screen Guard","Gadgets & Accessories","Screen Protector","accessory","Apple","iPhone 6s","","","","","","5","","","iPhone model reference image; fill actual price and opening stock before import.","https://commons.wikimedia.org/wiki/Special:FilePath/IPhone_6s_(Oct_1%2C_2025).jpg"
"iPhone 6s Plus Back Glass","Phone Parts","Back Glass","part","Apple","iPhone 6s Plus","","","","","","5","","","iPhone model reference image; fill actual price and opening stock before import.","https://commons.wikimedia.org/wiki/Special:FilePath/IPhone_6s_(Oct_1%2C_2025).jpg"
"iPhone 6s Plus Charging Flex","Phone Parts","Charging Port","part","Apple","iPhone 6s Plus","","","","","","5","","","iPhone model reference image; fill actual price and opening stock before import.","https://commons.wikimedia.org/wiki/Special:FilePath/IPhone_6s_(Oct_1%2C_2025).jpg"
"iPhone 6s Plus Screen Guard","Gadgets & Accessories","Screen Protector","accessory","Apple","iPhone 6s Plus","","","","","","5","","","iPhone model reference image; fill actual price and opening stock before import.","https://commons.wikimedia.org/wiki/Special:FilePath/IPhone_6s_(Oct_1%2C_2025).jpg"
"iPhone SE (1st generation) Back Glass","Phone Parts","Back Glass","part","Apple","iPhone SE (1st generation)","","","","","","5","","","iPhone model reference image; fill actual price and opening stock before import.","https://commons.wikimedia.org/wiki/Special:FilePath/iPhone_6_(back).jpg"
"iPhone SE (1st generation) Charging Flex","Phone Parts","Charging Port","part","Apple","iPhone SE (1st generation)","","","","","","5","","","iPhone model reference image; fill actual price and opening stock before import.","https://commons.wikimedia.org/wiki/Special:FilePath/iPhone_6_(back).jpg"
"iPhone SE (1st generation) Screen Guard","Gadgets & Accessories","Screen Protector","accessory","Apple","iPhone SE (1st generation)","","","","","","5","","","iPhone model reference image; fill actual price and opening stock before import.","https://commons.wikimedia.org/wiki/Special:FilePath/iPhone_6_(back).jpg"
"iPhone 7 Back Glass","Phone Parts","Back Glass","part","Apple","iPhone 7","","","","","","5","","","iPhone model reference image; fill actual price and opening stock before import.","https://commons.wikimedia.org/wiki/Special:FilePath/IPhone_7_(2).jpg"
"iPhone 7 Charging Flex","Phone Parts","Charging Port","part","Apple","iPhone 7","","","","","","5","","","iPhone model reference image; fill actual price and opening stock before import.","https://commons.wikimedia.org/wiki/Special:FilePath/IPhone_7_(2).jpg"
"iPhone 7 Screen Guard","Gadgets & Accessories","Screen Protector","accessory","Apple","iPhone 7","","","","","","5","","","iPhone model reference image; fill actual price and opening stock before import.","https://commons.wikimedia.org/wiki/Special:FilePath/IPhone_7_(2).jpg"
"iPhone 7 Plus Back Glass","Phone Parts","Back Glass","part","Apple","iPhone 7 Plus","","","","","","5","","","iPhone model reference image; fill actual price and opening stock before import.","https://commons.wikimedia.org/wiki/Special:FilePath/IPhone_7_(2).jpg"
"iPhone 7 Plus Charging Flex","Phone Parts","Charging Port","part","Apple","iPhone 7 Plus","","","","","","5","","","iPhone model reference image; fill actual price and opening stock before import.","https://commons.wikimedia.org/wiki/Special:FilePath/IPhone_7_(2).jpg"
"iPhone 7 Plus Screen Guard","Gadgets & Accessories","Screen Protector","accessory","Apple","iPhone 7 Plus","","","","","","5","","","iPhone model reference image; fill actual price and opening stock before import.","https://commons.wikimedia.org/wiki/Special:FilePath/IPhone_7_(2).jpg"
"iPhone 8 Back Glass","Phone Parts","Back Glass","part","Apple","iPhone 8","","","","","","5","","","iPhone model reference image; fill actual price and opening stock before import.","https://commons.wikimedia.org/wiki/Special:FilePath/IPhone_8.png"
"iPhone 8 Charging Flex","Phone Parts","Charging Port","part","Apple","iPhone 8","","","","","","5","","","iPhone model reference image; fill actual price and opening stock before import.","https://commons.wikimedia.org/wiki/Special:FilePath/IPhone_8.png"
"iPhone 8 Screen Guard","Gadgets & Accessories","Screen Protector","accessory","Apple","iPhone 8","","","","","","5","","","iPhone model reference image; fill actual price and opening stock before import.","https://commons.wikimedia.org/wiki/Special:FilePath/IPhone_8.png"
"iPhone 8 Plus Back Glass","Phone Parts","Back Glass","part","Apple","iPhone 8 Plus","","","","","","5","","","iPhone model reference image; fill actual price and opening stock before import.","https://commons.wikimedia.org/wiki/Special:FilePath/IPhone_8.png"
"iPhone 8 Plus Charging Flex","Phone Parts","Charging Port","part","Apple","iPhone 8 Plus","","","","","","5","","","iPhone model reference image; fill actual price and opening stock before import.","https://commons.wikimedia.org/wiki/Special:FilePath/IPhone_8.png"
"iPhone 8 Plus Screen Guard","Gadgets & Accessories","Screen Protector","accessory","Apple","iPhone 8 Plus","","","","","","5","","","iPhone model reference image; fill actual price and opening stock before import.","https://commons.wikimedia.org/wiki/Special:FilePath/IPhone_8.png"
"iPhone X Back Glass","Phone Parts","Back Glass","part","Apple","iPhone X","","","","","","5","","","iPhone model reference image; fill actual price and opening stock before import.","https://commons.wikimedia.org/wiki/Special:FilePath/Apple_iPhone_X_-_back_(8111).jpg"
"iPhone X Charging Flex","Phone Parts","Charging Port","part","Apple","iPhone X","","","","","","5","","","iPhone model reference image; fill actual price and opening stock before import.","https://commons.wikimedia.org/wiki/Special:FilePath/Apple_iPhone_X_-_back_(8111).jpg"
"iPhone X Screen Guard","Gadgets & Accessories","Screen Protector","accessory","Apple","iPhone X","","","","","","5","","","iPhone model reference image; fill actual price and opening stock before import.","https://commons.wikimedia.org/wiki/Special:FilePath/Apple_iPhone_X_-_back_(8111).jpg"
"iPhone XR Back Glass","Phone Parts","Back Glass","part","Apple","iPhone XR","","","","","","5","","","iPhone model reference image; fill actual price and opening stock before import.","https://commons.wikimedia.org/wiki/Special:FilePath/IPhone_XR.jpg"
"iPhone XR Charging Flex","Phone Parts","Charging Port","part","Apple","iPhone XR","","","","","","5","","","iPhone model reference image; fill actual price and opening stock before import.","https://commons.wikimedia.org/wiki/Special:FilePath/IPhone_XR.jpg"
"iPhone XR Screen Guard","Gadgets & Accessories","Screen Protector","accessory","Apple","iPhone XR","","","","","","5","","","iPhone model reference image; fill actual price and opening stock before import.","https://commons.wikimedia.org/wiki/Special:FilePath/IPhone_XR.jpg"
"iPhone XS Back Glass","Phone Parts","Back Glass","part","Apple","iPhone XS","","","","","","5","","","iPhone model reference image; fill actual price and opening stock before import.","https://commons.wikimedia.org/wiki/Special:FilePath/IPhone_XS.jpg"
"iPhone XS Charging Flex","Phone Parts","Charging Port","part","Apple","iPhone XS","","","","","","5","","","iPhone model reference image; fill actual price and opening stock before import.","https://commons.wikimedia.org/wiki/Special:FilePath/IPhone_XS.jpg"
"iPhone XS Screen Guard","Gadgets & Accessories","Screen Protector","accessory","Apple","iPhone XS","","","","","","5","","","iPhone model reference image; fill actual price and opening stock before import.","https://commons.wikimedia.org/wiki/Special:FilePath/IPhone_XS.jpg"
"iPhone XS Max Back Glass","Phone Parts","Back Glass","part","Apple","iPhone XS Max","","","","","","5","","","iPhone model reference image; fill actual price and opening stock before import.","https://commons.wikimedia.org/wiki/Special:FilePath/IPhone_XS.jpg"
"iPhone XS Max Charging Flex","Phone Parts","Charging Port","part","Apple","iPhone XS Max","","","","","","5","","","iPhone model reference image; fill actual price and opening stock before import.","https://commons.wikimedia.org/wiki/Special:FilePath/IPhone_XS.jpg"
"iPhone XS Max Screen Guard","Gadgets & Accessories","Screen Protector","accessory","Apple","iPhone XS Max","","","","","","5","","","iPhone model reference image; fill actual price and opening stock before import.","https://commons.wikimedia.org/wiki/Special:FilePath/IPhone_XS.jpg"
"iPhone 11 Back Glass","Phone Parts","Back Glass","part","Apple","iPhone 11","","","","","","5","","","iPhone model reference image; fill actual price and opening stock before import.","https://commons.wikimedia.org/wiki/Special:FilePath/IPhone_11_all_color.jpg"
"iPhone 11 Charging Flex","Phone Parts","Charging Port","part","Apple","iPhone 11","","","","","","5","","","iPhone model reference image; fill actual price and opening stock before import.","https://commons.wikimedia.org/wiki/Special:FilePath/IPhone_11_all_color.jpg"
"iPhone 11 Screen Guard","Gadgets & Accessories","Screen Protector","accessory","Apple","iPhone 11","","","","","","5","","","iPhone model reference image; fill actual price and opening stock before import.","https://commons.wikimedia.org/wiki/Special:FilePath/IPhone_11_all_color.jpg"
"iPhone 11 Pro Back Glass","Phone Parts","Back Glass","part","Apple","iPhone 11 Pro","","","","","","5","","","iPhone model reference image; fill actual price and opening stock before import.","https://commons.wikimedia.org/wiki/Special:FilePath/IPhone_11_all_color.jpg"
"iPhone 11 Pro Charging Flex","Phone Parts","Charging Port","part","Apple","iPhone 11 Pro","","","","","","5","","","iPhone model reference image; fill actual price and opening stock before import.","https://commons.wikimedia.org/wiki/Special:FilePath/IPhone_11_all_color.jpg"
"iPhone 11 Pro Screen Guard","Gadgets & Accessories","Screen Protector","accessory","Apple","iPhone 11 Pro","","","","","","5","","","iPhone model reference image; fill actual price and opening stock before import.","https://commons.wikimedia.org/wiki/Special:FilePath/IPhone_11_all_color.jpg"
"iPhone 11 Pro Max Back Glass","Phone Parts","Back Glass","part","Apple","iPhone 11 Pro Max","","","","","","5","","","iPhone model reference image; fill actual price and opening stock before import.","https://commons.wikimedia.org/wiki/Special:FilePath/IPhone_11_all_color.jpg"
"iPhone 11 Pro Max Charging Flex","Phone Parts","Charging Port","part","Apple","iPhone 11 Pro Max","","","","","","5","","","iPhone model reference image; fill actual price and opening stock before import.","https://commons.wikimedia.org/wiki/Special:FilePath/IPhone_11_all_color.jpg"
"iPhone 11 Pro Max Screen Guard","Gadgets & Accessories","Screen Protector","accessory","Apple","iPhone 11 Pro Max","","","","","","5","","","iPhone model reference image; fill actual price and opening stock before import.","https://commons.wikimedia.org/wiki/Special:FilePath/IPhone_11_all_color.jpg"
"iPhone SE (2nd generation) Back Glass","Phone Parts","Back Glass","part","Apple","iPhone SE (2nd generation)","","","","","","5","","","iPhone model reference image; fill actual price and opening stock before import.","https://commons.wikimedia.org/wiki/Special:FilePath/IPhone_11_all_color.jpg"
"iPhone SE (2nd generation) Charging Flex","Phone Parts","Charging Port","part","Apple","iPhone SE (2nd generation)","","","","","","5","","","iPhone model reference image; fill actual price and opening stock before import.","https://commons.wikimedia.org/wiki/Special:FilePath/IPhone_11_all_color.jpg"
"iPhone SE (2nd generation) Screen Guard","Gadgets & Accessories","Screen Protector","accessory","Apple","iPhone SE (2nd generation)","","","","","","5","","","iPhone model reference image; fill actual price and opening stock before import.","https://commons.wikimedia.org/wiki/Special:FilePath/IPhone_11_all_color.jpg"
"iPhone 12 mini Back Glass","Phone Parts","Back Glass","part","Apple","iPhone 12 mini","","","","","","5","","","iPhone model reference image; fill actual price and opening stock before import.","https://commons.wikimedia.org/wiki/Special:FilePath/Iphone-12-product--red.png"
"iPhone 12 mini Charging Flex","Phone Parts","Charging Port","part","Apple","iPhone 12 mini","","","","","","5","","","iPhone model reference image; fill actual price and opening stock before import.","https://commons.wikimedia.org/wiki/Special:FilePath/Iphone-12-product--red.png"
"iPhone 12 mini Screen Guard","Gadgets & Accessories","Screen Protector","accessory","Apple","iPhone 12 mini","","","","","","5","","","iPhone model reference image; fill actual price and opening stock before import.","https://commons.wikimedia.org/wiki/Special:FilePath/Iphone-12-product--red.png"
"iPhone 12 Back Glass","Phone Parts","Back Glass","part","Apple","iPhone 12","","","","","","5","","","iPhone model reference image; fill actual price and opening stock before import.","https://commons.wikimedia.org/wiki/Special:FilePath/Iphone-12-product--red.png"
"iPhone 12 Charging Flex","Phone Parts","Charging Port","part","Apple","iPhone 12","","","","","","5","","","iPhone model reference image; fill actual price and opening stock before import.","https://commons.wikimedia.org/wiki/Special:FilePath/Iphone-12-product--red.png"
"iPhone 12 Screen Guard","Gadgets & Accessories","Screen Protector","accessory","Apple","iPhone 12","","","","","","5","","","iPhone model reference image; fill actual price and opening stock before import.","https://commons.wikimedia.org/wiki/Special:FilePath/Iphone-12-product--red.png"
"iPhone 12 Pro Back Glass","Phone Parts","Back Glass","part","Apple","iPhone 12 Pro","","","","","","5","","","iPhone model reference image; fill actual price and opening stock before import.","https://commons.wikimedia.org/wiki/Special:FilePath/Iphone-12-product--red.png"
"iPhone 12 Pro Charging Flex","Phone Parts","Charging Port","part","Apple","iPhone 12 Pro","","","","","","5","","","iPhone model reference image; fill actual price and opening stock before import.","https://commons.wikimedia.org/wiki/Special:FilePath/Iphone-12-product--red.png"
"iPhone 12 Pro Screen Guard","Gadgets & Accessories","Screen Protector","accessory","Apple","iPhone 12 Pro","","","","","","5","","","iPhone model reference image; fill actual price and opening stock before import.","https://commons.wikimedia.org/wiki/Special:FilePath/Iphone-12-product--red.png"
"iPhone 12 Pro Max Back Glass","Phone Parts","Back Glass","part","Apple","iPhone 12 Pro Max","","","","","","5","","","iPhone model reference image; fill actual price and opening stock before import.","https://commons.wikimedia.org/wiki/Special:FilePath/Iphone-12-product--red.png"
"iPhone 12 Pro Max Charging Flex","Phone Parts","Charging Port","part","Apple","iPhone 12 Pro Max","","","","","","5","","","iPhone model reference image; fill actual price and opening stock before import.","https://commons.wikimedia.org/wiki/Special:FilePath/Iphone-12-product--red.png"
"iPhone 12 Pro Max Screen Guard","Gadgets & Accessories","Screen Protector","accessory","Apple","iPhone 12 Pro Max","","","","","","5","","","iPhone model reference image; fill actual price and opening stock before import.","https://commons.wikimedia.org/wiki/Special:FilePath/Iphone-12-product--red.png"
"iPhone 13 mini Back Glass","Phone Parts","Back Glass","part","Apple","iPhone 13 mini","","","","","","5","","","iPhone model reference image; fill actual price and opening stock before import.","https://commons.wikimedia.org/wiki/Special:FilePath/IPhone_13.jpg"
"iPhone 13 mini Charging Flex","Phone Parts","Charging Port","part","Apple","iPhone 13 mini","","","","","","5","","","iPhone model reference image; fill actual price and opening stock before import.","https://commons.wikimedia.org/wiki/Special:FilePath/IPhone_13.jpg"
"iPhone 13 mini Screen Guard","Gadgets & Accessories","Screen Protector","accessory","Apple","iPhone 13 mini","","","","","","5","","","iPhone model reference image; fill actual price and opening stock before import.","https://commons.wikimedia.org/wiki/Special:FilePath/IPhone_13.jpg"
"iPhone 13 Back Glass","Phone Parts","Back Glass","part","Apple","iPhone 13","","","","","","5","","","iPhone model reference image; fill actual price and opening stock before import.","https://commons.wikimedia.org/wiki/Special:FilePath/IPhone_13.jpg"
"iPhone 13 Charging Flex","Phone Parts","Charging Port","part","Apple","iPhone 13","","","","","","5","","","iPhone model reference image; fill actual price and opening stock before import.","https://commons.wikimedia.org/wiki/Special:FilePath/IPhone_13.jpg"
"iPhone 13 Screen Guard","Gadgets & Accessories","Screen Protector","accessory","Apple","iPhone 13","","","","","","5","","","iPhone model reference image; fill actual price and opening stock before import.","https://commons.wikimedia.org/wiki/Special:FilePath/IPhone_13.jpg"
"iPhone 13 Pro Back Glass","Phone Parts","Back Glass","part","Apple","iPhone 13 Pro","","","","","","5","","","iPhone model reference image; fill actual price and opening stock before import.","https://commons.wikimedia.org/wiki/Special:FilePath/Apple_iPhone_13_Pro.jpg"
"iPhone 13 Pro Charging Flex","Phone Parts","Charging Port","part","Apple","iPhone 13 Pro","","","","","","5","","","iPhone model reference image; fill actual price and opening stock before import.","https://commons.wikimedia.org/wiki/Special:FilePath/Apple_iPhone_13_Pro.jpg"
"iPhone 13 Pro Screen Guard","Gadgets & Accessories","Screen Protector","accessory","Apple","iPhone 13 Pro","","","","","","5","","","iPhone model reference image; fill actual price and opening stock before import.","https://commons.wikimedia.org/wiki/Special:FilePath/Apple_iPhone_13_Pro.jpg"
"iPhone 13 Pro Max Back Glass","Phone Parts","Back Glass","part","Apple","iPhone 13 Pro Max","","","","","","5","","","iPhone model reference image; fill actual price and opening stock before import.","https://commons.wikimedia.org/wiki/Special:FilePath/Apple_iPhone_13_Pro.jpg"
"iPhone 13 Pro Max Charging Flex","Phone Parts","Charging Port","part","Apple","iPhone 13 Pro Max","","","","","","5","","","iPhone model reference image; fill actual price and opening stock before import.","https://commons.wikimedia.org/wiki/Special:FilePath/Apple_iPhone_13_Pro.jpg"
"iPhone 13 Pro Max Screen Guard","Gadgets & Accessories","Screen Protector","accessory","Apple","iPhone 13 Pro Max","","","","","","5","","","iPhone model reference image; fill actual price and opening stock before import.","https://commons.wikimedia.org/wiki/Special:FilePath/Apple_iPhone_13_Pro.jpg"
"iPhone SE (3rd generation) Back Glass","Phone Parts","Back Glass","part","Apple","iPhone SE (3rd generation)","","","","","","5","","","iPhone model reference image; fill actual price and opening stock before import.","https://commons.wikimedia.org/wiki/Special:FilePath/IPhone_13.jpg"
"iPhone SE (3rd generation) Charging Flex","Phone Parts","Charging Port","part","Apple","iPhone SE (3rd generation)","","","","","","5","","","iPhone model reference image; fill actual price and opening stock before import.","https://commons.wikimedia.org/wiki/Special:FilePath/IPhone_13.jpg"
"iPhone SE (3rd generation) Screen Guard","Gadgets & Accessories","Screen Protector","accessory","Apple","iPhone SE (3rd generation)","","","","","","5","","","iPhone model reference image; fill actual price and opening stock before import.","https://commons.wikimedia.org/wiki/Special:FilePath/IPhone_13.jpg"
"iPhone 14 Back Glass","Phone Parts","Back Glass","part","Apple","iPhone 14","","","","","","5","","","iPhone model reference image; fill actual price and opening stock before import.","https://commons.wikimedia.org/wiki/Special:FilePath/IPhone_14_20240225.jpg"
"iPhone 14 Charging Flex","Phone Parts","Charging Port","part","Apple","iPhone 14","","","","","","5","","","iPhone model reference image; fill actual price and opening stock before import.","https://commons.wikimedia.org/wiki/Special:FilePath/IPhone_14_20240225.jpg"
"iPhone 14 Screen Guard","Gadgets & Accessories","Screen Protector","accessory","Apple","iPhone 14","","","","","","5","","","iPhone model reference image; fill actual price and opening stock before import.","https://commons.wikimedia.org/wiki/Special:FilePath/IPhone_14_20240225.jpg"
"iPhone 14 Plus Back Glass","Phone Parts","Back Glass","part","Apple","iPhone 14 Plus","","","","","","5","","","iPhone model reference image; fill actual price and opening stock before import.","https://commons.wikimedia.org/wiki/Special:FilePath/IPhone_14_20240225.jpg"
"iPhone 14 Plus Charging Flex","Phone Parts","Charging Port","part","Apple","iPhone 14 Plus","","","","","","5","","","iPhone model reference image; fill actual price and opening stock before import.","https://commons.wikimedia.org/wiki/Special:FilePath/IPhone_14_20240225.jpg"
"iPhone 14 Plus Screen Guard","Gadgets & Accessories","Screen Protector","accessory","Apple","iPhone 14 Plus","","","","","","5","","","iPhone model reference image; fill actual price and opening stock before import.","https://commons.wikimedia.org/wiki/Special:FilePath/IPhone_14_20240225.jpg"
"iPhone 14 Pro Back Glass","Phone Parts","Back Glass","part","Apple","iPhone 14 Pro","","","","","","5","","","iPhone model reference image; fill actual price and opening stock before import.","https://commons.wikimedia.org/wiki/Special:FilePath/IPhone_14_Pro.jpg"
"iPhone 14 Pro Charging Flex","Phone Parts","Charging Port","part","Apple","iPhone 14 Pro","","","","","","5","","","iPhone model reference image; fill actual price and opening stock before import.","https://commons.wikimedia.org/wiki/Special:FilePath/IPhone_14_Pro.jpg"
"iPhone 14 Pro Screen Guard","Gadgets & Accessories","Screen Protector","accessory","Apple","iPhone 14 Pro","","","","","","5","","","iPhone model reference image; fill actual price and opening stock before import.","https://commons.wikimedia.org/wiki/Special:FilePath/IPhone_14_Pro.jpg"
"iPhone 14 Pro Max Back Glass","Phone Parts","Back Glass","part","Apple","iPhone 14 Pro Max","","","","","","5","","","iPhone model reference image; fill actual price and opening stock before import.","https://commons.wikimedia.org/wiki/Special:FilePath/IPhone_14_Pro.jpg"
"iPhone 14 Pro Max Charging Flex","Phone Parts","Charging Port","part","Apple","iPhone 14 Pro Max","","","","","","5","","","iPhone model reference image; fill actual price and opening stock before import.","https://commons.wikimedia.org/wiki/Special:FilePath/IPhone_14_Pro.jpg"
"iPhone 14 Pro Max Screen Guard","Gadgets & Accessories","Screen Protector","accessory","Apple","iPhone 14 Pro Max","","","","","","5","","","iPhone model reference image; fill actual price and opening stock before import.","https://commons.wikimedia.org/wiki/Special:FilePath/IPhone_14_Pro.jpg"
"iPhone 15 Back Glass","Phone Parts","Back Glass","part","Apple","iPhone 15","","","","","","5","","","iPhone model reference image; fill actual price and opening stock before import.","https://commons.wikimedia.org/wiki/Special:FilePath/Apple_iPhone_15.jpg"
"iPhone 15 Charging Flex","Phone Parts","Charging Port","part","Apple","iPhone 15","","","","","","5","","","iPhone model reference image; fill actual price and opening stock before import.","https://commons.wikimedia.org/wiki/Special:FilePath/Apple_iPhone_15.jpg"
"iPhone 15 Screen Guard","Gadgets & Accessories","Screen Protector","accessory","Apple","iPhone 15","","","","","","5","","","iPhone model reference image; fill actual price and opening stock before import.","https://commons.wikimedia.org/wiki/Special:FilePath/Apple_iPhone_15.jpg"
"iPhone 15 Plus Back Glass","Phone Parts","Back Glass","part","Apple","iPhone 15 Plus","","","","","","5","","","iPhone model reference image; fill actual price and opening stock before import.","https://commons.wikimedia.org/wiki/Special:FilePath/Apple_iPhone_15.jpg"
"iPhone 15 Plus Charging Flex","Phone Parts","Charging Port","part","Apple","iPhone 15 Plus","","","","","","5","","","iPhone model reference image; fill actual price and opening stock before import.","https://commons.wikimedia.org/wiki/Special:FilePath/Apple_iPhone_15.jpg"
"iPhone 15 Plus Screen Guard","Gadgets & Accessories","Screen Protector","accessory","Apple","iPhone 15 Plus","","","","","","5","","","iPhone model reference image; fill actual price and opening stock before import.","https://commons.wikimedia.org/wiki/Special:FilePath/Apple_iPhone_15.jpg"
"iPhone 15 Pro Back Glass","Phone Parts","Back Glass","part","Apple","iPhone 15 Pro","","","","","","5","","","iPhone model reference image; fill actual price and opening stock before import.","https://commons.wikimedia.org/wiki/Special:FilePath/Apple_iPhone_15_Pro.jpg"
"iPhone 15 Pro Charging Flex","Phone Parts","Charging Port","part","Apple","iPhone 15 Pro","","","","","","5","","","iPhone model reference image; fill actual price and opening stock before import.","https://commons.wikimedia.org/wiki/Special:FilePath/Apple_iPhone_15_Pro.jpg"
"iPhone 15 Pro Screen Guard","Gadgets & Accessories","Screen Protector","accessory","Apple","iPhone 15 Pro","","","","","","5","","","iPhone model reference image; fill actual price and opening stock before import.","https://commons.wikimedia.org/wiki/Special:FilePath/Apple_iPhone_15_Pro.jpg"
"iPhone 15 Pro Max Back Glass","Phone Parts","Back Glass","part","Apple","iPhone 15 Pro Max","","","","","","5","","","iPhone model reference image; fill actual price and opening stock before import.","https://commons.wikimedia.org/wiki/Special:FilePath/Apple_iPhone_15_Pro.jpg"
"iPhone 15 Pro Max Charging Flex","Phone Parts","Charging Port","part","Apple","iPhone 15 Pro Max","","","","","","5","","","iPhone model reference image; fill actual price and opening stock before import.","https://commons.wikimedia.org/wiki/Special:FilePath/Apple_iPhone_15_Pro.jpg"
"iPhone 15 Pro Max Screen Guard","Gadgets & Accessories","Screen Protector","accessory","Apple","iPhone 15 Pro Max","","","","","","5","","","iPhone model reference image; fill actual price and opening stock before import.","https://commons.wikimedia.org/wiki/Special:FilePath/Apple_iPhone_15_Pro.jpg"
"iPhone 16e Back Glass","Phone Parts","Back Glass","part","Apple","iPhone 16e","","","","","","5","","","iPhone model reference image; fill actual price and opening stock before import.","https://commons.wikimedia.org/wiki/Special:FilePath/IPhone_16_(54251926561).jpg"
"iPhone 16e Charging Flex","Phone Parts","Charging Port","part","Apple","iPhone 16e","","","","","","5","","","iPhone model reference image; fill actual price and opening stock before import.","https://commons.wikimedia.org/wiki/Special:FilePath/IPhone_16_(54251926561).jpg"
"iPhone 16e Screen Guard","Gadgets & Accessories","Screen Protector","accessory","Apple","iPhone 16e","","","","","","5","","","iPhone model reference image; fill actual price and opening stock before import.","https://commons.wikimedia.org/wiki/Special:FilePath/IPhone_16_(54251926561).jpg"
"iPhone 16 Back Glass","Phone Parts","Back Glass","part","Apple","iPhone 16","","","","","","5","","","iPhone model reference image; fill actual price and opening stock before import.","https://commons.wikimedia.org/wiki/Special:FilePath/IPhone_16_(54251926561).jpg"
"iPhone 16 Charging Flex","Phone Parts","Charging Port","part","Apple","iPhone 16","","","","","","5","","","iPhone model reference image; fill actual price and opening stock before import.","https://commons.wikimedia.org/wiki/Special:FilePath/IPhone_16_(54251926561).jpg"
"iPhone 16 Screen Guard","Gadgets & Accessories","Screen Protector","accessory","Apple","iPhone 16","","","","","","5","","","iPhone model reference image; fill actual price and opening stock before import.","https://commons.wikimedia.org/wiki/Special:FilePath/IPhone_16_(54251926561).jpg"
"iPhone 16 Plus Back Glass","Phone Parts","Back Glass","part","Apple","iPhone 16 Plus","","","","","","5","","","iPhone model reference image; fill actual price and opening stock before import.","https://commons.wikimedia.org/wiki/Special:FilePath/IPhone_16_(54251926561).jpg"
"iPhone 16 Plus Charging Flex","Phone Parts","Charging Port","part","Apple","iPhone 16 Plus","","","","","","5","","","iPhone model reference image; fill actual price and opening stock before import.","https://commons.wikimedia.org/wiki/Special:FilePath/IPhone_16_(54251926561).jpg"
"iPhone 16 Plus Screen Guard","Gadgets & Accessories","Screen Protector","accessory","Apple","iPhone 16 Plus","","","","","","5","","","iPhone model reference image; fill actual price and opening stock before import.","https://commons.wikimedia.org/wiki/Special:FilePath/IPhone_16_(54251926561).jpg"
"iPhone 16 Pro Back Glass","Phone Parts","Back Glass","part","Apple","iPhone 16 Pro","","","","","","5","","","iPhone model reference image; fill actual price and opening stock before import.","https://commons.wikimedia.org/wiki/Special:FilePath/IPhone_16_(54251926561).jpg"
"iPhone 16 Pro Charging Flex","Phone Parts","Charging Port","part","Apple","iPhone 16 Pro","","","","","","5","","","iPhone model reference image; fill actual price and opening stock before import.","https://commons.wikimedia.org/wiki/Special:FilePath/IPhone_16_(54251926561).jpg"
"iPhone 16 Pro Screen Guard","Gadgets & Accessories","Screen Protector","accessory","Apple","iPhone 16 Pro","","","","","","5","","","iPhone model reference image; fill actual price and opening stock before import.","https://commons.wikimedia.org/wiki/Special:FilePath/IPhone_16_(54251926561).jpg"
"iPhone 16 Pro Max Back Glass","Phone Parts","Back Glass","part","Apple","iPhone 16 Pro Max","","","","","","5","","","iPhone model reference image; fill actual price and opening stock before import.","https://commons.wikimedia.org/wiki/Special:FilePath/IPhone_16_(54251926561).jpg"
"iPhone 16 Pro Max Charging Flex","Phone Parts","Charging Port","part","Apple","iPhone 16 Pro Max","","","","","","5","","","iPhone model reference image; fill actual price and opening stock before import.","https://commons.wikimedia.org/wiki/Special:FilePath/IPhone_16_(54251926561).jpg"
"iPhone 16 Pro Max Screen Guard","Gadgets & Accessories","Screen Protector","accessory","Apple","iPhone 16 Pro Max","","","","","","5","","","iPhone model reference image; fill actual price and opening stock before import.","https://commons.wikimedia.org/wiki/Special:FilePath/IPhone_16_(54251926561).jpg"
"iPhone 17e Back Glass","Phone Parts","Back Glass","part","Apple","iPhone 17e","","","","","","5","","","iPhone model reference image; fill actual price and opening stock before import.","https://commons.wikimedia.org/wiki/Special:FilePath/IPhone_17_Series_and_Air_and_16e.jpg"
"iPhone 17e Charging Flex","Phone Parts","Charging Port","part","Apple","iPhone 17e","","","","","","5","","","iPhone model reference image; fill actual price and opening stock before import.","https://commons.wikimedia.org/wiki/Special:FilePath/IPhone_17_Series_and_Air_and_16e.jpg"
"iPhone 17e Screen Guard","Gadgets & Accessories","Screen Protector","accessory","Apple","iPhone 17e","","","","","","5","","","iPhone model reference image; fill actual price and opening stock before import.","https://commons.wikimedia.org/wiki/Special:FilePath/IPhone_17_Series_and_Air_and_16e.jpg"
"iPhone Air Back Glass","Phone Parts","Back Glass","part","Apple","iPhone Air","","","","","","5","","","iPhone model reference image; fill actual price and opening stock before import.","https://commons.wikimedia.org/wiki/Special:FilePath/IPhone_17_Series_and_Air_and_16e.jpg"
"iPhone Air Charging Flex","Phone Parts","Charging Port","part","Apple","iPhone Air","","","","","","5","","","iPhone model reference image; fill actual price and opening stock before import.","https://commons.wikimedia.org/wiki/Special:FilePath/IPhone_17_Series_and_Air_and_16e.jpg"
"iPhone Air Screen Guard","Gadgets & Accessories","Screen Protector","accessory","Apple","iPhone Air","","","","","","5","","","iPhone model reference image; fill actual price and opening stock before import.","https://commons.wikimedia.org/wiki/Special:FilePath/IPhone_17_Series_and_Air_and_16e.jpg"
"iPhone 17 Back Glass","Phone Parts","Back Glass","part","Apple","iPhone 17","","","","","","5","","","iPhone model reference image; fill actual price and opening stock before import.","https://commons.wikimedia.org/wiki/Special:FilePath/Black_iPhone_17.jpg"
"iPhone 17 Charging Flex","Phone Parts","Charging Port","part","Apple","iPhone 17","","","","","","5","","","iPhone model reference image; fill actual price and opening stock before import.","https://commons.wikimedia.org/wiki/Special:FilePath/Black_iPhone_17.jpg"
"iPhone 17 Screen Guard","Gadgets & Accessories","Screen Protector","accessory","Apple","iPhone 17","","","","","","5","","","iPhone model reference image; fill actual price and opening stock before import.","https://commons.wikimedia.org/wiki/Special:FilePath/Black_iPhone_17.jpg"
"iPhone 17 Pro Back Glass","Phone Parts","Back Glass","part","Apple","iPhone 17 Pro","","","","","","5","","","iPhone model reference image; fill actual price and opening stock before import.","https://commons.wikimedia.org/wiki/Special:FilePath/IPhone_17_Series_and_Air_and_16e.jpg"
"iPhone 17 Pro Charging Flex","Phone Parts","Charging Port","part","Apple","iPhone 17 Pro","","","","","","5","","","iPhone model reference image; fill actual price and opening stock before import.","https://commons.wikimedia.org/wiki/Special:FilePath/IPhone_17_Series_and_Air_and_16e.jpg"
"iPhone 17 Pro Screen Guard","Gadgets & Accessories","Screen Protector","accessory","Apple","iPhone 17 Pro","","","","","","5","","","iPhone model reference image; fill actual price and opening stock before import.","https://commons.wikimedia.org/wiki/Special:FilePath/IPhone_17_Series_and_Air_and_16e.jpg"
"iPhone 17 Pro Max Back Glass","Phone Parts","Back Glass","part","Apple","iPhone 17 Pro Max","","","","","","5","","","iPhone model reference image; fill actual price and opening stock before import.","https://commons.wikimedia.org/wiki/Special:FilePath/IPhone_17_Series_and_Air_and_16e.jpg"
"iPhone 17 Pro Max Charging Flex","Phone Parts","Charging Port","part","Apple","iPhone 17 Pro Max","","","","","","5","","","iPhone model reference image; fill actual price and opening stock before import.","https://commons.wikimedia.org/wiki/Special:FilePath/IPhone_17_Series_and_Air_and_16e.jpg"
"iPhone 17 Pro Max Screen Guard","Gadgets & Accessories","Screen Protector","accessory","Apple","iPhone 17 Pro Max","","","","","","5","","","iPhone model reference image; fill actual price and opening stock before import.","https://commons.wikimedia.org/wiki/Special:FilePath/IPhone_17_Series_and_Air_and_16e.jpg"
