category,brand,model,variant,quantity,cost_price,selling_price,min_price,image_url
"Phone Parts","iPhone","6s","","0","","","","https://i.ebayimg.com/images/g/IDwAAOSweotoBmfH/s-l1200.png"
"Phone Parts","iPhone","6G","","0","","","","https://i.ebayimg.com/images/g/IDwAAOSweotoBmfH/s-l1200.png"
"Phone Parts","iPhone","6 Plus","","0","","","","https://i.ebayimg.com/images/g/IDwAAOSweotoBmfH/s-l1200.png"
"Phone Parts","iPhone","7G","","0","","","","https://www.mavericksales.co.za/cdn/shop/files/IP8F0278B_750x.jpg?v=1727261372"
"Phone Parts","iPhone","7 Plus","","0","","","","https://www.mavericksales.co.za/cdn/shop/files/IP8F0278B_750x.jpg?v=1727261372"
"Phone Parts","iPhone","8G","","0","","","","https://www.mavericksales.co.za/cdn/shop/files/IP8F0278B_750x.jpg?v=1727261372"
"Phone Parts","iPhone","8 Plus","","0","","","","https://www.mavericksales.co.za/cdn/shop/files/IP8F0278B_750x.jpg?v=1727261372"
"Phone Parts","iPhone","X","","0","","","","https://cdn.freewebstore.com/origin/871250/originalchargingportflexcableforiphonexr_1735307630454.jpg"
"Phone Parts","iPhone","XS","","0","","","","https://cdn.freewebstore.com/origin/871250/originalchargingportflexcableforiphonexr_1735307630454.jpg"
"Phone Parts","iPhone","XS Max","","0","","","","https://cdn.freewebstore.com/origin/871250/originalchargingportflexcableforiphonexr_1735307630454.jpg"
"Phone Parts","iPhone","11","","0","","","","https://www.igadget.co.nz/cdn/shop/products/12444527-8639-4803-b925-9be02202b48e_SL12IG7RFM7I.jpg?v=1632118592&width=1946"
"Phone Parts","iPhone","XR","","0","","","","https://cdn.freewebstore.com/origin/871250/originalchargingportflexcableforiphonexr_1735307630454.jpg"
"Phone Parts","iPhone","12","","0","","","","https://www.igadget.co.nz/cdn/shop/products/12444527-8639-4803-b925-9be02202b48e_SL12IG7RFM7I.jpg?v=1632118592&width=1946"
"Phone Parts","iPhone","12 Pro Max","","0","","","","https://www.igadget.co.nz/cdn/shop/products/12444527-8639-4803-b925-9be02202b48e_SL12IG7RFM7I.jpg?v=1632118592&width=1946"
"Phone Parts","iPhone","13","","0","","","","https://www.repairsuniverse.com/cdn/shop/products/9-AP-7467-B_500x.png?v=1638316083"
"Phone Parts","iPhone","13 Pro Max","","0","","","","https://www.repairsuniverse.com/cdn/shop/products/9-AP-7467-B_500x.png?v=1638316083"
"Phone Parts","iPhone","14 Pro","","0","","","","https://www.repairsuniverse.com/cdn/shop/products/9-AP-7467-B_500x.png?v=1638316083"
"Phone Parts","iPhone","14 Pro Max","","0","","","","https://www.repairsuniverse.com/cdn/shop/products/9-AP-7467-B_500x.png?v=1638316083"
"Phone Parts","iPhone","15","","0","","","","https://static.mobilesentrix.eu/catalog/product/image/1/7/1778313359-69fee88f16a93.webp"
"Phone Parts","iPhone","15 Pro","","0","","","","https://static.mobilesentrix.eu/catalog/product/image/1/7/1778313359-69fee88f16a93.webp"
"Phone Parts","iPhone","15 Pro Max","","0","","","","https://static.mobilesentrix.eu/catalog/product/image/1/7/1778313359-69fee88f16a93.webp"
"Phone Parts","iPhone","X","","0","","","","https://i.ebayimg.com/images/g/A58AAOSwRaNfGD6W/s-l1200.jpg"
"Phone Parts","iPhone","XS Max","","0","","","","https://i.ebayimg.com/images/g/A58AAOSwRaNfGD6W/s-l1200.jpg"
"Phone Parts","iPhone","8","Red","0","","","","https://i.ebayimg.com/images/g/BIgAAOSw~hRl9jtj/s-l400.jpg"
"Phone Parts","iPhone","8","White","0","","","","https://i.ebayimg.com/images/g/BIgAAOSw~hRl9jtj/s-l400.jpg"
"Phone Parts","iPhone","8","Black","0","","","","https://i.ebayimg.com/images/g/BIgAAOSw~hRl9jtj/s-l400.jpg"
"Phone Parts","iPhone","8","Gold","0","","","","https://i.ebayimg.com/images/g/BIgAAOSw~hRl9jtj/s-l400.jpg"
"Phone Parts","iPhone","11","White","0","","","","https://i.ebayimg.com/images/g/BIgAAOSw~hRl9jtj/s-l400.jpg"
"Phone Parts","iPhone","11","Purple","0","","","","https://i.ebayimg.com/images/g/BIgAAOSw~hRl9jtj/s-l400.jpg"
"Phone Parts","iPhone","11","Yellow","0","","","","https://i.ebayimg.com/images/g/BIgAAOSw~hRl9jtj/s-l400.jpg"
"Phone Parts","iPhone","11","Green","0","","","","https://i.ebayimg.com/images/g/BIgAAOSw~hRl9jtj/s-l400.jpg"
"Phone Parts","iPhone","11","Red","0","","","","https://i.ebayimg.com/images/g/BIgAAOSw~hRl9jtj/s-l400.jpg"
"Phone Parts","iPhone","11","Black","0","","","","https://i.ebayimg.com/images/g/BIgAAOSw~hRl9jtj/s-l400.jpg"
"Phone Parts","iPhone","12","Blue","0","","","","https://i.ebayimg.com/images/g/BIgAAOSw~hRl9jtj/s-l400.jpg"
"Phone Parts","iPhone","12","Dark Blue","0","","","","https://i.ebayimg.com/images/g/BIgAAOSw~hRl9jtj/s-l400.jpg"
"Phone Parts","iPhone","12","Red","0","","","","https://i.ebayimg.com/images/g/BIgAAOSw~hRl9jtj/s-l400.jpg"
"Phone Parts","iPhone","12","White","0","","","","https://i.ebayimg.com/images/g/BIgAAOSw~hRl9jtj/s-l400.jpg"
"Phone Parts","iPhone","12","Green","0","","","","https://i.ebayimg.com/images/g/BIgAAOSw~hRl9jtj/s-l400.jpg"
"Phone Parts","iPhone","12","Black","0","","","","https://i.ebayimg.com/images/g/BIgAAOSw~hRl9jtj/s-l400.jpg"
"Phone Parts","iPhone","13","Black","0","","","","https://i.ebayimg.com/images/g/BIgAAOSw~hRl9jtj/s-l400.jpg"
"Phone Parts","iPhone","13","White","0","","","","https://i.ebayimg.com/images/g/BIgAAOSw~hRl9jtj/s-l400.jpg"
"Phone Parts","iPhone","13","Pink","0","","","","https://i.ebayimg.com/images/g/BIgAAOSw~hRl9jtj/s-l400.jpg"
"Phone Parts","iPhone","13","Green","0","","","","https://i.ebayimg.com/images/g/BIgAAOSw~hRl9jtj/s-l400.jpg"
"Phone Parts","iPhone","13","Red","0","","","","https://i.ebayimg.com/images/g/BIgAAOSw~hRl9jtj/s-l400.jpg"
"Phone Parts","iPhone","15","","0","","","","https://i.ebayimg.com/images/g/BIgAAOSw~hRl9jtj/s-l400.jpg"
"Phone Parts","iPhone","8 Plus","Red","0","","","","https://i.ebayimg.com/images/g/BIgAAOSw~hRl9jtj/s-l400.jpg"
"Phone Parts","iPhone","8 Plus","White","0","","","","https://i.ebayimg.com/images/g/BIgAAOSw~hRl9jtj/s-l400.jpg"
"Phone Parts","iPhone","8 Plus","Black","0","","","","https://i.ebayimg.com/images/g/BIgAAOSw~hRl9jtj/s-l400.jpg"
"Phone Parts","iPhone","8 Plus","Gold","0","","","","https://i.ebayimg.com/images/g/BIgAAOSw~hRl9jtj/s-l400.jpg"
"Phone Parts","iPhone","X","Black","0","","","","https://i.ebayimg.com/images/g/BIgAAOSw~hRl9jtj/s-l400.jpg"
"Phone Parts","iPhone","X","White","0","","","","https://i.ebayimg.com/images/g/BIgAAOSw~hRl9jtj/s-l400.jpg"
"Phone Parts","iPhone","XS","Gold","0","","","","https://i.ebayimg.com/images/g/BIgAAOSw~hRl9jtj/s-l400.jpg"
"Phone Parts","iPhone","XS","Black","0","","","","https://i.ebayimg.com/images/g/BIgAAOSw~hRl9jtj/s-l400.jpg"
"Phone Parts","iPhone","XS","White","0","","","","https://i.ebayimg.com/images/g/BIgAAOSw~hRl9jtj/s-l400.jpg"
"Phone Parts","iPhone","XR","Yellow","0","","","","https://i.ebayimg.com/images/g/BIgAAOSw~hRl9jtj/s-l400.jpg"
"Phone Parts","iPhone","XR","Orange","0","","","","https://i.ebayimg.com/images/g/BIgAAOSw~hRl9jtj/s-l400.jpg"
"Phone Parts","iPhone","XR","Red","0","","","","https://i.ebayimg.com/images/g/BIgAAOSw~hRl9jtj/s-l400.jpg"
"Phone Parts","iPhone","XR","Blue","0","","","","https://i.ebayimg.com/images/g/BIgAAOSw~hRl9jtj/s-l400.jpg"
"Phone Parts","iPhone","XR","Black","0","","","","https://i.ebayimg.com/images/g/BIgAAOSw~hRl9jtj/s-l400.jpg"
"Phone Parts","iPhone","XR","White","0","","","","https://i.ebayimg.com/images/g/BIgAAOSw~hRl9jtj/s-l400.jpg"
"Phone Parts","iPhone","XS Max","Black","0","","","","https://i.ebayimg.com/images/g/BIgAAOSw~hRl9jtj/s-l400.jpg"
"Phone Parts","iPhone","XS Max","White","0","","","","https://i.ebayimg.com/images/g/BIgAAOSw~hRl9jtj/s-l400.jpg"
"Phone Parts","iPhone","XS Max","Gold","0","","","","https://i.ebayimg.com/images/g/BIgAAOSw~hRl9jtj/s-l400.jpg"
"Phone Parts","iPhone","11 Pro","Light Green","0","","","","https://i.ebayimg.com/images/g/BIgAAOSw~hRl9jtj/s-l400.jpg"
"Phone Parts","iPhone","11 Pro","White","0","","","","https://i.ebayimg.com/images/g/BIgAAOSw~hRl9jtj/s-l400.jpg"
"Phone Parts","iPhone","11 Pro","Black","0","","","","https://i.ebayimg.com/images/g/BIgAAOSw~hRl9jtj/s-l400.jpg"
"Phone Parts","iPhone","11 Pro","Gold","0","","","","https://i.ebayimg.com/images/g/BIgAAOSw~hRl9jtj/s-l400.jpg"
"Phone Parts","iPhone","11 Pro Max","Black","0","","","","https://i.ebayimg.com/images/g/BIgAAOSw~hRl9jtj/s-l400.jpg"
"Phone Parts","iPhone","11 Pro Max","Gold","0","","","","https://i.ebayimg.com/images/g/BIgAAOSw~hRl9jtj/s-l400.jpg"
"Phone Parts","iPhone","11 Pro Max","White","0","","","","https://i.ebayimg.com/images/g/BIgAAOSw~hRl9jtj/s-l400.jpg"
"Phone Parts","iPhone","11 Pro Max","Green","0","","","","https://i.ebayimg.com/images/g/BIgAAOSw~hRl9jtj/s-l400.jpg"
"Phone Parts","iPhone","12 Pro","White","0","","","","https://i.ebayimg.com/images/g/BIgAAOSw~hRl9jtj/s-l400.jpg"
"Phone Parts","iPhone","12 Pro","Gold","0","","","","https://i.ebayimg.com/images/g/BIgAAOSw~hRl9jtj/s-l400.jpg"
"Phone Parts","iPhone","12 Pro","Blue","0","","","","https://i.ebayimg.com/images/g/BIgAAOSw~hRl9jtj/s-l400.jpg"
"Phone Parts","iPhone","12 Pro","Green","0","","","","https://i.ebayimg.com/images/g/BIgAAOSw~hRl9jtj/s-l400.jpg"
"Phone Parts","iPhone","12 Pro Max","Gold","0","","","","https://i.ebayimg.com/images/g/BIgAAOSw~hRl9jtj/s-l400.jpg"
"Phone Parts","iPhone","12 Pro Max","Blue","0","","","","https://i.ebayimg.com/images/g/BIgAAOSw~hRl9jtj/s-l400.jpg"
"Phone Parts","iPhone","12 Pro Max","Graphite","0","","","","https://i.ebayimg.com/images/g/BIgAAOSw~hRl9jtj/s-l400.jpg"
"Phone Parts","iPhone","12 Pro Max","Silver","0","","","","https://i.ebayimg.com/images/g/BIgAAOSw~hRl9jtj/s-l400.jpg"
"Phone Parts","iPhone","13 Pro Max","Gold","0","","","","https://i.ebayimg.com/images/g/BIgAAOSw~hRl9jtj/s-l400.jpg"
"Phone Parts","iPhone","13 Pro Max","Blue","0","","","","https://i.ebayimg.com/images/g/BIgAAOSw~hRl9jtj/s-l400.jpg"
"Phone Parts","iPhone","13 Pro Max","Green","0","","","","https://i.ebayimg.com/images/g/BIgAAOSw~hRl9jtj/s-l400.jpg"
"Phone Parts","iPhone","13 Pro","Blue","0","","","","https://i.ebayimg.com/images/g/BIgAAOSw~hRl9jtj/s-l400.jpg"
"Phone Parts","iPhone","13 Pro","White","0","","","","https://i.ebayimg.com/images/g/BIgAAOSw~hRl9jtj/s-l400.jpg"
"Phone Parts","iPhone","13 Pro","Ash","0","","","","https://i.ebayimg.com/images/g/BIgAAOSw~hRl9jtj/s-l400.jpg"
"Phone Parts","iPhone","13 Pro","Green","0","","","","https://i.ebayimg.com/images/g/BIgAAOSw~hRl9jtj/s-l400.jpg"
"Phone Parts","iPhone","14 Pro Max","Blue","0","","","","https://i.ebayimg.com/images/g/BIgAAOSw~hRl9jtj/s-l400.jpg"
"Phone Parts","iPhone","14 Pro Max","White","0","","","","https://i.ebayimg.com/images/g/BIgAAOSw~hRl9jtj/s-l400.jpg"
"Phone Parts","iPhone","14 Pro Max","Ash","0","","","","https://i.ebayimg.com/images/g/BIgAAOSw~hRl9jtj/s-l400.jpg"
"Phone Parts","iPhone","14 Pro","White","0","","","","https://i.ebayimg.com/images/g/BIgAAOSw~hRl9jtj/s-l400.jpg"
"Phone Parts","iPhone","14 Pro","Purple","0","","","","https://i.ebayimg.com/images/g/BIgAAOSw~hRl9jtj/s-l400.jpg"
"Phone Parts","iPhone","15 Pro","","0","","","","https://i.ebayimg.com/images/g/BIgAAOSw~hRl9jtj/s-l400.jpg"
"Phone Parts","iPhone","15 Pro Max","","0","","","","https://i.ebayimg.com/images/g/BIgAAOSw~hRl9jtj/s-l400.jpg"
